"date_time","filename","sampling_rate","bit","duration","channels","index","fft_w","min_freq","max_freq","j","left_channel","right_channel","aru","year","month","day","hour","min","second","date","time","obs_time","temperature","humidity","pressure","windspeed","winddir","emissivity","cloudcover","netlong","uplong","downlong","rad_dni","rad_dif","szenith","timezone","relh"
2021-05-16 05:00:00,"20210516_050000.WAV",48000,16,120,1,"acoustic_complexity",512,1,12000,5,1820.75751940618,"NA ","aru04","2021","05","16","05","00","00","2021-05-16","05:00:00",2021-05-16 10:00:00,16.46,0.0130963902176676,90773.6924653197,6.1549536930383,165.1056450862,0.849069623830612,40.2188146705161,0.205958554747736,1.43721777949037,1.23125922474264,0,0,110.91004961037,"UTC",100
2021-05-16 06:00:00,"20210516_060000.WAV",48000,16,120,1,"acoustic_complexity",512,1,12000,5,1969.21566853721,"NA ","aru04","2021","05","16","06","00","00","2021-05-16","06:00:00",2021-05-16 11:00:00,16.5057171170925,0.0129935817244207,90723.5861462437,5.820796920715,167.013448956458,0.851967241335646,45.5394321801056,0.203515551573131,1.43812549694902,1.23460994537589,0,0,100.739825628373,"UTC",100
2021-05-16 07:00:00,"20210516_070000.WAV",48000,16,120,1,"acoustic_complexity",512,1,12000,5,1876.28591158271,"NA ","aru04","2021","05","16","07","00","00","2021-05-16","07:00:00",2021-05-16 12:00:00,18.630888625657,0.012996,90681,5.59039992156646,168.659994752741,0.854572344096623,51.5798572483085,0.20706006256631,1.48079772002414,1.27373765745783,0,0.00518657447186936,89.5594341385456,"UTC",90.3588462902216
2021-05-16 08:00:00,"20210516_080000.WAV",48000,16,120,1,"acoustic_complexity",512,1,12000,5,1911.5025888641,"NA ","aru04","2021","05","16","08","00","00","2021-05-16","08:00:00",2021-05-16 13:00:00,19.2678407371775,0.0131191073741855,90651.4671238458,5.50036647878371,169.696517899309,0.856696349233331,57.8580925946651,0.206170944280305,1.49377033393968,1.28759938965938,0.0524958703908441,0.502176058782623,77.7609311030545,"UTC",87.6179301798895
2021-05-16 09:00:00,"20210516_090000.WAV",48000,16,120,1,"acoustic_complexity",512,1,12000,5,2043.27814954858,"NA ","aru04","2021","05","16","09","00","00","2021-05-16","09:00:00",2021-05-16 14:00:00,20.1550703955702,0.0133394371200945,90632.3891100779,5.50959354174945,169.899281730715,0.858485541070728,63.8921409387156,0.205411465086677,1.51198209967297,1.30657063458629,0.117022414789986,0.958414600476108,65.6296211249674,"UTC",84.2797164260275
2021-05-16 10:00:00,"20210516_100000.WAV",48000,16,120,1,"acoustic_complexity",512,1,12000,5,1903.02379135208,"NA ","aru04","2021","05","16","10","00","00","2021-05-16","10:00:00",2021-05-16 15:00:00,21.2354905707743,0.0136237902466787,90619.1346747527,5.56043765253801,169.165365834184,0.860169920735065,69.200005,0.204235370469479,1.5343836807066,1.33014831023712,0.257870390440555,1.31221006801132,53.4201249190905,"UTC",80.5007476361714
2021-05-16 11:00:00,"20210516_110000.WAV",48000,16,120,1,"acoustic_complexity",512,1,12000,5,1936.70659746512,"NA ","aru04","2021","05","16","11","00","00","2021-05-16","11:00:00",2021-05-16 16:00:00,22.4238562929879,0.01393896776289,90607.072533927,5.59982538523352,167.424032817013,0.861979489352592,73.3473473511888,0.20226251535237,1.55930990553125,1.35704739017888,0.540321115859832,1.46758988823311,41.4592410978047,"UTC",76.56610064916
2021-05-16 12:00:00,"20210516_120000.WAV",48000,16,120,1,"acoustic_complexity",512,1,12000,5,1869.72446875037,"NA ","aru04","2021","05","16","12","00","00","2021-05-16","12:00:00",2021-05-16 17:00:00,23.6143627585253,0.0142517706776798,90591.5714036572,5.58088754855503,164.547075739813,0.86414424804956,76.0904699774734,0.200145297632959,1.58458432269327,1.38443902506031,1.0487037261659,1.29673856399591,30.3872713457671,"UTC",72.8111906208675
2021-05-17 05:00:00,"20210517_050000.WAV",48000,16,120,1,"acoustic_complexity",512,1,12000,5,1855.81081101861,"NA ","aru04","2021","05","17","05","00","00","2021-05-17","05:00:00",2021-05-17 10:00:00,16.1027428456472,0.0124499149761112,90509.662231405,3.39958380167917,143.641174929488,0.831183907209197,24.0268077895723,0.233431431123695,1.43013919752358,1.19670776639989,0,0,110.690743708371,"UTC",100
2021-05-17 06:00:00,"20210517_060000.WAV",48000,16,120,1,"acoustic_complexity",512,1,12000,5,1885.63600980474,"NA ","aru04","2021","05","17","06","00","00","2021-05-17","06:00:00",2021-05-17 11:00:00,16.06002,0.0123876948873226,90471.4314237632,2.93213862232719,146.69344562862,0.836145252989749,22.0906080043509,0.240964492442769,1.42929445420003,1.18832996175726,0,0,100.546625952015,"UTC",100
2021-05-17 07:00:00,"20210517_070000.WAV",48000,16,120,1,"acoustic_complexity",512,1,12000,5,1874.65163498314,"NA ","aru04","2021","05","17","07","00","00","2021-05-17","07:00:00",2021-05-17 12:00:00,17.846292366729,0.012434,90453,2.5982701877518,149.375593683179,0.838421402907848,19.0106139885593,0.259474195038685,1.46493443942966,1.20546024439098,0,0.00941438879409478,89.3863973846277,"UTC",90.6323998209806
2021-05-17 08:00:00,"20210517_080000.WAV",48000,16,120,1,"acoustic_complexity",512,1,12000,5,1916.67429327804,"NA ","aru04","2021","05","17","08","00","00","2021-05-17","08:00:00",2021-05-17 13:00:00,18.1954144843599,0.0125980364199795,90461.4347929265,2.44391520573192,150.880754648719,0.836777125242142,15.0060390864212,0.277125728648652,1.4719773078612,1.19485157921255,0.125061496644047,0.587859869039554,77.601642818268,"UTC",89.8283170390923
2021-05-17 09:00:00,"20210517_090000.WAV",48000,16,120,1,"acoustic_complexity",512,1,12000,5,1941.69806474098,"NA ","aru04","2021","05","17","09","00","00","2021-05-17","09:00:00",2021-05-17 14:00:00,18.8153103154637,0.0128428252072553,90489.9541064464,2.45097565253386,150.554064788521,0.831410181621648,10.2960966421603,0.299086163736243,1.48454505579195,1.1854588920557,0.521404744254132,1.1817101319944,65.4771117646866,"UTC",88.0926272481634
2021-05-17 10:00:00,"20210517_100000.WAV",48000,16,120,1,"acoustic_complexity",512,1,12000,5,1887.89411105091,"NA ","aru04","2021","05","17","10","00","00","2021-05-17","10:00:00",2021-05-17 15:00:00,19.6871405714452,0.0131198411603613,90528.3141122367,2.59161698846379,148.366905454547,0.822876582012978,5.1,0.324755467458832,1.5023564872956,1.17760101983677,1.51389505736348,1.36463449828173,53.265778690146,"UTC",85.2492378690357
2021-05-17 11:00:00,"20210517_110000.WAV",48000,16,120,1,"acoustic_complexity",512,1,12000,5,1903.15474042251,"NA ","aru04","2021","05","17","11","00","00","2021-05-17","11:00:00",2021-05-17 16:00:00,20.7044449938965,0.0133805590778315,90566.2709819744,2.84529896973839,144.776078091589,0.81173233638274,0,0.352689607511906,1.523342029173,1.17065242166109,2.75722133694877,0.941362711035194,41.290408620632,"UTC",81.6558434004575
2021-05-17 12:00:00,"20210517_120000.WAV",48000,16,120,1,"acoustic_complexity",512,1,12000,5,1889.15998062594,"NA ","aru04","2021","05","17","12","00","00","2021-05-17","12:00:00",2021-05-17 17:00:00,21.6941881748571,0.0135764537581998,90593.5808873366,3.19560247444226,140.346838280908,0.798533454697545,0,0.379177500115042,1.54396927285649,1.16479177274145,3.22244828500571,0.681418077902484,30.1830395844135,"UTC",77.9773850556245
2021-05-18 05:00:00,"20210518_050000.WAV",48000,16,120,1,"acoustic_complexity",512,1,12000,5,1814.79953498952,"NA ","aru04","2021","05","18","05","00","00","2021-05-18","05:00:00",2021-05-18 10:00:00,15.0279524862149,0.0133337447775427,90436.4470939117,4.34135674593517,118.981191213957,0.916426600843193,40.4485750944757,0.190086061427033,1.40900122944838,1.21891516802135,0,0,110.476234727355,"UTC",100
2021-05-18 06:00:00,"20210518_060000.WAV",48000,16,120,1,"acoustic_complexity",512,1,12000,5,1870.24107222858,"NA ","aru04","2021","05","18","06","00","00","2021-05-18","06:00:00",2021-05-18 11:00:00,14.85,0.0132918467865283,90410.8183971495,4.16509443450482,122.674977384385,0.897917729709128,32.471870034335,0.206566649071749,1.4055241678848,1.19895751881305,0,0,100.358099389424,"UTC",100
2021-05-18 07:00:00,"20210518_070000.WAV",48000,16,120,1,"acoustic_complexity",512,1,12000,5,1880.08841905852,"NA ","aru04","2021","05","18","07","00","00","2021-05-18","07:00:00",2021-05-18 12:00:00,17.3767864452541,0.013337,90393,3.94252922208164,126.283056418178,0.880029855936413,26.4292734071975,0.228250093675644,1.45550294323996,1.22725284956432,0,0.0131139444111647,89.2180062709302,"UTC",100
2021-05-18 08:00:00,"20210518_080000.WAV",48000,16,120,1,"acoustic_complexity",512,1,12000,5,1864.40220712635,"NA ","aru04","2021","05","18","08","00","00","2021-05-18","08:00:00",2021-05-18 13:00:00,17.9017026026898,0.0134953006944237,90387.1512224065,3.65097130609291,129.69735725673,0.865091628414369,22.0801718006828,0.242091863652795,1.46605054369293,1.22395868004013,0.0791270965828641,0.549651679708671,77.4470770674842,"UTC",97.8766140414535
2021-05-18 09:00:00,"20210518_090000.WAV",48000,16,120,1,"acoustic_complexity",512,1,12000,5,1877.48816213358,"NA ","aru04","2021","05","18","09","00","00","2021-05-18","09:00:00",2021-05-18 14:00:00,18.8366371224398,0.0137350604948372,90390.8556886675,3.31284654891521,132.888941299588,0.853032303683106,19.1839518024104,0.256274933323117,1.48497886178065,1.22870392845753,0.366252111260966,1.13357390051991,65.3295184448472,"UTC",93.9240817636488
2021-05-18 10:00:00,"20210518_100000.WAV",48000,16,120,1,"acoustic_complexity",512,1,12000,5,1946.53066659646,"NA ","aru04","2021","05","18","10","00","00","2021-05-18","10:00:00",2021-05-18 15:00:00,20.1450963639951,0.0140101448634209,90400.0530991701,2.96126945049449,135.688752337063,0.843181290195431,17.5,0.27185942984203,1.51177644638557,1.23991701654354,1.09524107155212,1.42920367003619,53.1166834895747,"UTC",88.3045090418372
2021-05-18 11:00:00,"20210518_110000.WAV",48000,16,120,1,"acoustic_complexity",512,1,12000,5,1983.74798139425,"NA ","aru04","2021","05","18","11","00","00","2021-05-18","11:00:00",2021-05-18 16:00:00,21.6913414475924,0.0142744192623556,90410.6831543016,2.62788520103367,137.670798594224,0.834867996404152,16.8132605264168,0.289191931395037,1.5439096454879,1.25471771409286,2.31875292937328,1.09359215013668,41.1273270090789,"UTC",81.7972629315777
2021-05-18 12:00:00,"20210518_120000.WAV",48000,16,120,1,"acoustic_complexity",512,1,12000,5,3134.62721196551,"NA ","aru04","2021","05","18","12","00","00","2021-05-18","12:00:00",2021-05-18 17:00:00,23.2717488658322,0.0144817491538217,90418.6855544491,2.344197561623,138.068997211751,0.827421830762079,17.0109076960087,0.306779950537229,1.57727938681897,1.27049943628175,3.15491831453809,0.695169679034866,29.9851090439972,"UTC",75.3773453833267
2021-05-19 05:00:00,"20210519_050000.WAV",48000,16,120,1,"acoustic_complexity",512,1,12000,5,1829.32628469399,"NA ","aru04","2021","05","19","05","00","00","2021-05-19","05:00:00",2021-05-19 10:00:00,12.1669186513998,0.00952574994124507,90649.9628763615,1.44599492131626,162.966442799362,0.815557535582229,0.464912575747805,0.2852676998252,1.35387468269645,1.06860698287125,0,0,110.266571997701,"UTC",100
2021-05-19 06:00:00,"20210519_060000.WAV",48000,16,120,1,"acoustic_complexity",512,1,12000,5,1828.16008367557,"NA ","aru04","2021","05","19","06","00","00","2021-05-19","06:00:00",2021-05-19 11:00:00,12.11,0.00941284970842944,90641.9904010135,1.27198370672195,175.320579890709,0.805981033395388,0,0.292708398727654,1.35279465330382,1.06008625457616,0,0,100.174282670915,"UTC",99.832806273322
2021-05-19 07:00:00,"20210519_070000.WAV",48000,16,120,1,"acoustic_complexity",512,1,12000,5,1825.2679068472,"NA ","aru04","2021","05","19","07","00","00","2021-05-19","07:00:00",2021-05-19 12:00:00,15.432936037727,0.009497,90640,1.16867492200703,187.352341663117,0.796907756813417,0,0.31134837407057,1.41693835730608,1.10558998323551,0,0.0195310335352567,89.0542844332621,"UTC",81.1116307699273
2021-05-19 08:00:00,"20210519_080000.WAV",48000,16,120,1,"acoustic_complexity",512,1,12000,5,1833.06673975243,"NA ","aru04","2021","05","19","08","00","00","2021-05-19","08:00:00",2021-05-19 13:00:00,15.9307200937433,0.0098065706593337,90647.3375391258,1.11504360907603,196.510681476549,0.789295343600749,2.33232861640827,0.314482624999646,1.42674013412104,1.1122575091214,0.103548529051188,0.579880611213119,77.2972449878666,"UTC",81.1020144181925
2021-05-19 09:00:00,"20210519_090000.WAV",48000,16,120,1,"acoustic_complexity",512,1,12000,5,1893.03786199017,"NA ","aru04","2021","05","19","09","00","00","2021-05-19","09:00:00",2021-05-19 14:00:00,16.8081368949247,0.0102940396800414,90661.1976431953,1.07206036914375,201.152822623913,0.783626880833099,8.15530298842429,0.314924255514841,1.44414090304629,1.12921664753145,0.407047408680406,1.15550657466995,65.1868414179097,"UTC",80.4697431584192
2021-05-19 10:00:00,"20210519_100000.WAV",48000,16,120,1,"acoustic_complexity",512,1,12000,5,2003.20733374969,"NA ","aru04","2021","05","19","10","00","00","2021-05-19","10:00:00",2021-05-19 15:00:00,18.0072552020131,0.0108929120932925,90677.2371267631,1.01323090065707,200.216273310355,0.780266817914004,17.1,0.311721404642054,1.46817840818439,1.15645700354234,1.05913286589055,1.43627467422131,52.9728322968361,"UTC",78.8968717225107
2021-05-19 11:00:00,"20210519_110000.WAV",48000,16,120,1,"acoustic_complexity",512,1,12000,5,1997.62990418539,"NA ","aru04","2021","05","19","11","00","00","2021-05-19","11:00:00",2021-05-19 16:00:00,19.3700126614462,0.0115366929302564,90691.1128043835,0.942389392007902,192.090225189875,0.779579604247002,29.1175164460026,0.303872211820168,1.49585914490195,1.19198693308178,1.9578901466675,1.21476843024283,40.9699913626153,"UTC",76.6896166309746
2021-05-19 12:00:00,"20210519_120000.WAV",48000,16,120,1,"acoustic_complexity",512,1,12000,5,1907.68454942416,"NA ","aru04","2021","05","19","12","00","00","2021-05-19","12:00:00",2021-05-19 17:00:00,20.6951553642235,0.0121588872221025,90698.481490611,0.914887633072856,174.937702305854,0.78192968923563,42.7118047959801,0.292271498485274,1.52314940847219,1.23087790998691,2.50975546446717,0.905984010982131,29.7935029081517,"UTC",74.4192303687613
2021-05-20 05:00:00,"20210520_050000.WAV",48000,16,120,1,"acoustic_complexity",512,1,12000,5,1879.32510468106,"NA ","aru04","2021","05","20","05","00","00","2021-05-20","05:00:00",2021-05-20 10:00:00,12.37,0.0098481319721488,90839.3138831762,1.52041467638753,189.183498660394,0.787568487875495,2.07413774920944,0.276250670324355,1.35773341476391,1.08148274443956,0,0,110.061802067632,"UTC",100
2021-05-20 06:00:00,"20210520_060000.WAV",48000,16,120,1,"acoustic_complexity",512,1,12000,5,1966.87793587869,"NA ","aru04","2021","05","20","06","00","00","2021-05-20","06:00:00",2021-05-20 11:00:00,12.4093039714304,0.00967092641730192,90837.5231031744,1.22223008323898,205.405390933058,0.791129789632354,3.1684160237006,0.275234298195063,1.35848117793782,1.08324687974275,0,0,99.995209481938,"UTC",100
2021-05-20 07:00:00,"20210520_070000.WAV",48000,16,120,1,"acoustic_complexity",512,1,12000,5,1974.87039808563,"NA ","aru04","2021","05","20","07","00","00","2021-05-20","07:00:00",2021-05-20 12:00:00,15.1263733173562,0.009758,90835,1.14107662298342,208.580474496971,0.794377928162415,3.50048810974935,0.286567105721525,1.41092706907886,1.12435996335734,0,0.0226929659400892,88.8952522040968,"UTC",85.1596689416754
2021-05-20 08:00:00,"20210520_080000.WAV",48000,16,120,1,"acoustic_complexity",512,1,12000,5,1936.70642161278,"NA ","aru04","2021","05","20","08","00","00","2021-05-20","08:00:00",2021-05-20 13:00:00,15.4976930686757,0.010149286336684,90833.2897013256,1.30412972197879,191.783869669482,0.796535411649724,3.28800729363158,0.290778408209685,1.41821061008419,1.1274322018745,0.0889307452064364,0.57010393342445,77.1521541066014,"UTC",86.445839538519
2021-05-20 09:00:00,"20210520_090000.WAV",48000,16,120,1,"acoustic_complexity",512,1,12000,5,1972.32825041168,"NA ","aru04","2021","05","20","09","00","00","2021-05-20","09:00:00",2021-05-20 14:00:00,16.2145287068598,0.0107607043961618,90830.4870912241,1.86869097265414,172.195826145404,0.797395574804452,2.74862686162317,0.298569961682309,1.43235127046501,1.1337813087827,0.467352149502185,1.18036393325082,65.0490769085623,"UTC",87.4838605415527
2021-05-20 10:00:00,"20210520_100000.WAV",48000,16,120,1,"acoustic_complexity",512,1,12000,5,1990.47414841849,"NA ","aru04","2021","05","20","10","00","00","2021-05-20","10:00:00",2021-05-20 15:00:00,17.2564427551676,0.0114771694853328,90823.824492868,2.77040371199912,160.419845562585,0.796894458968305,2.1000001,0.310113472557584,1.45309281378845,1.14297934123086,1.4752255673902,1.37995382951308,52.8342134310434,"UTC",87.2609129406806
2021-05-20 11:00:00,"20210520_110000.WAV",48000,16,120,1,"acoustic_complexity",512,1,12000,5,2001.21910857099,"NA ","aru04","2021","05","20","11","00","00","2021-05-20","11:00:00",2021-05-20 16:00:00,18.4838916134431,0.0121835969110965,90810.5342294302,3.82208408951526,154.061223773445,0.79496810548299,1.5222680235574,0.32492108191484,1.4778159153707,1.15289483345586,2.7641492456271,0.942927863482269,40.8183911255768,"UTC",85.6704870040792
2021-05-20 12:00:00,"20210520_120000.WAV",48000,16,120,1,"acoustic_complexity",512,1,12000,5,1898.01498511627,"NA ","aru04","2021","05","20","12","00","00","2021-05-20","12:00:00",2021-05-20 17:00:00,19.674723329016,0.0127649019803524,90787.8486240833,4.85017461526495,150.36885249833,0.791552555690212,1.04552256116847,0.341245952148803,1.50210168439514,1.16085573224634,3.22547643215719,0.682747473094396,29.6082376314521,"UTC",83.2667308152729
2021-05-21 05:00:00,"20210521_050000.WAV",48000,16,120,1,"acoustic_complexity",512,1,12000,5,2004.72672822757,"NA ","aru04","2021","05","21","05","00","00","2021-05-21","05:00:00",2021-05-21 10:00:00,17.31002,0.0109672600630291,90820.115645007,6.9549930155201,154.226677710371,0.778410371001157,0,0.322625082954874,1.45416543815578,1.13154035520091,0,0,109.861968743555,"UTC",83.1364354236874
2021-05-21 06:00:00,"20210521_060000.WAV",48000,16,120,1,"acoustic_complexity",512,1,12000,5,1998.41526712096,"NA ","aru04","2021","05","21","06","00","00","2021-05-21","06:00:00",2021-05-21 11:00:00,17.3201069692439,0.0109150928407353,90833.8064296453,6.23677515880364,156.561944013891,0.779029522287244,0,0.325013201602782,1.45436744717788,1.1293542455751,0,0,99.8209105131191,"UTC",82.7046356151299
2021-05-21 07:00:00,"20210521_070000.WAV",48000,16,120,1,"acoustic_complexity",512,1,12000,5,1984.4695198828,"NA ","aru04","2021","05","21","07","00","00","2021-05-21","07:00:00",2021-05-21 12:00:00,20.1628322541853,0.01089,90860,5.75716673390526,158.032748021149,0.778937151176899,0,0.341785469500315,1.51214215496465,1.17035668546434,0,0.0275880182225849,88.7409266739688,"UTC",69.0797678238249
2021-05-21 08:00:00,"20210521_080000.WAV",48000,16,120,1,"acoustic_complexity",512,1,12000,5,2015.42751702307,"NA ","aru04","2021","05","21","08","00","00","2021-05-21","08:00:00",2021-05-21 13:00:00,20.5067032489047,0.010903011064777,90902.512666195,5.60121528767344,157.829540880908,0.778137291335959,0,0.348900566259433,1.51924579177548,1.17034522551604,0.0895036513775705,0.575316372265099,77.011808415655,"UTC",67.7377201346166
2021-05-21 09:00:00,"20210521_090000.WAV",48000,16,120,1,"acoustic_complexity",512,1,12000,5,2044.87693007002,"NA ","aru04","2021","05","21","09","00","00","2021-05-21","09:00:00",2021-05-21 14:00:00,21.1830374270169,0.0109345391012768,90955.1499061264,5.73403972227826,156.084050053338,0.776526075144591,0,0.359532281480412,1.53329039666445,1.17375811518404,0.483586745468599,1.18904246454439,64.916217202959,"UTC",65.1970582164608
2021-05-21 10:00:00,"20210521_100000.WAV",48000,16,120,1,"acoustic_complexity",512,1,12000,5,2113.03557445259,"NA ","aru04","2021","05","21","10","00","00","2021-05-21","10:00:00",2021-05-21 15:00:00,22.1726186094842,0.0109573430612743,91009.2144896334,6.0965169449502,153.471010740764,0.773972659661548,0,0.373972487423019,1.55401500961706,1.18004252219405,1.53905002799643,1.37123941905849,52.700810651515,"UTC",61.5283645845578
2021-05-21 11:00:00,"20210521_110000.WAV",48000,16,120,1,"acoustic_complexity",512,1,12000,5,2055.03211408048,"NA ","aru04","2021","05","21","11","00","00","2021-05-21","11:00:00",2021-05-21 16:00:00,23.3311051573798,0.0109441818965441,91056.0091865552,6.62664939846235,150.671302468915,0.77034620194558,0.101543536170871,0.391669757888354,1.57854312107286,1.18687336318451,2.76611715764167,0.943514797296418,40.6725101759844,"UTC",57.3111257254908
2021-05-21 12:00:00,"20210521_120000.WAV",48000,16,120,1,"acoustic_complexity",512,1,12000,5,1985.45013952372,"NA ","aru04","2021","05","21","12","00","00","2021-05-21","12:00:00",2021-05-21 17:00:00,24.4562397119716,0.0108678145588611,91086.836766731,7.25459525103242,148.134478887828,0.765515859055437,0.212160433666105,0.410655167015179,1.60264191428524,1.19198674727006,3.22639939986409,0.683158057343297,29.4293229127536,"UTC",53.2071007237041
2021-05-22 05:00:00,"20210522_050000.WAV",48000,16,120,1,"acoustic_complexity",512,1,12000,5,1987.01736251051,"NA ","aru04","2021","05","22","05","00","00","2021-05-22","05:00:00",2021-05-22 10:00:00,18.58,0.0121937276629093,91355.1212481759,5.80217272544154,141.928682636455,0.788808114202581,11.1537789111649,0.295358456982721,1.47976494437337,1.18440648739065,0,0,109.667113132702,"UTC",85.7368530521647
2021-05-22 06:00:00,"20210522_060000.WAV",48000,16,120,1,"acoustic_complexity",512,1,12000,5,1970.11731575623,"NA ","aru04","2021","05","22","06","00","00","2021-05-22","06:00:00",2021-05-22 11:00:00,18.6300094884661,0.0122984689446025,91349.0909146813,5.42600225691908,146.024174394561,0.794310504073821,11.3848300399592,0.294778158804386,1.48077987350279,1.18600171469841,0,0,99.651413513234,"UTC",86.1897713078875
2021-05-22 07:00:00,"20210522_070000.WAV",48000,16,120,1,"acoustic_complexity",512,1,12000,5,2008.38064589629,"NA ","aru04","2021","05","22","07","00","00","2021-05-22","07:00:00",2021-05-22 12:00:00,22.0354150418374,0.012363,91357,5.19970183152828,149.968946591812,0.798241492395437,11.4940655498114,0.310146266316342,1.55112910993759,1.24098284362125,0,0.0329046026012713,88.591321756547,"UTC",70.1902458679023
2021-05-22 08:00:00,"20210522_080000.WAV",48000,16,120,1,"acoustic_complexity",512,1,12000,5,1994.82629389597,"NA ","aru04","2021","05","22","08","00","00","2021-05-22","08:00:00",2021-05-22 13:00:00,22.5070875296041,0.012395397267089,91385.0656886473,5.13211991196454,152.985346730416,0.80040177454819,11.78239760415,0.315354325453933,1.56106700438339,1.24571267892946,0.0847910829122338,0.574543119561537,76.8762084512033,"UTC",68.3999989416904
2021-05-22 09:00:00,"20210522_090000.WAV",48000,16,120,1,"acoustic_complexity",512,1,12000,5,1973.79992835538,"NA ","aru04","2021","05","22","09","00","00","2021-05-22","09:00:00",2021-05-22 14:00:00,23.4131432801593,0.0124045108811702,91426.4465491423,5.20138242441771,154.556784504577,0.800930466385198,12.5507383664034,0.324016217402475,1.58029101626744,1.25627479886496,0.444518335247244,1.18085773912509,64.7882507441485,"UTC",64.8220170004837
2021-05-22 10:00:00,"20210522_100000.WAV",48000,16,120,1,"acoustic_complexity",512,1,12000,5,1942.02315556541,"NA ","aru04","2021","05","22","10","00","00","2021-05-22","10:00:00",2021-05-22 15:00:00,24.7231216019755,0.0123993844018728,91471.036496005,5.38484653542107,154.457704461012,0.800051288877673,14.1,0.335827555182023,1.60839840362087,1.27257084843884,1.3896380132984,1.39955884025283,52.5726032672118,"UTC",59.9198718701226
2021-05-22 11:00:00,"20210522_110000.WAV",48000,16,120,1,"acoustic_complexity",512,1,12000,5,1983.00437884958,"NA ","aru04","2021","05","22","11","00","00","2021-05-22","11:00:00",2021-05-22 16:00:00,26.2748330177637,0.0123890613888259,91508.7294437555,5.67177213489909,152.694710368336,0.797987962996825,16.6456965699804,0.349760690432337,1.64217573541109,1.29241504497875,2.73629636808866,0.955001695041692,40.5323269284999,"UTC",54.6181561179805
2021-05-22 12:00:00,"20210522_120000.WAV",48000,16,120,1,"acoustic_complexity",512,1,12000,5,1918.87795747157,"NA ","aru04","2021","05","22","12","00","00","2021-05-22","12:00:00",2021-05-22 17:00:00,27.783532820434,0.0123825854016586,91529.4193069138,6.06555404738804,149.443686278256,0.794964209713864,20.0617497478338,0.363528525930548,1.67552418497599,1.31199565904544,3.22727989512782,0.683553483941664,29.25676168939,"UTC",49.9707135953813
2021-05-23 05:00:00,"20210523_050000.WAV",48000,16,120,1,"acoustic_complexity",512,1,12000,5,2073.06277654314,"NA ","aru04","2021","05","23","05","00","00","2021-05-23","05:00:00",2021-05-23 10:00:00,17.15,0.0136436843191464,91228.73983446,6.60170418061817,144.380576993576,0.873055588404656,38.7069967099186,0.183500505584759,1.45096357472053,1.26746306913577,0,0,109.477273685681,"UTC",100
2021-05-23 06:00:00,"20210523_060000.WAV",48000,16,120,1,"acoustic_complexity",512,1,12000,5,2038.51077997139,"NA ","aru04","2021","05","23","06","00","00","2021-05-23","06:00:00",2021-05-23 11:00:00,17.1533736132981,0.0134677713010431,91201.6226851985,6.39955069005383,145.93234081257,0.874384877201618,38.6510492256245,0.186410494782233,1.45103102322676,1.26462052844452,0,0,99.4867433429294,"UTC",100
2021-05-23 07:00:00,"20210523_070000.WAV",48000,16,120,1,"acoustic_complexity",512,1,12000,5,2028.21698254859,"NA ","aru04","2021","05","23","07","00","00","2021-05-23","07:00:00",2021-05-23 12:00:00,19.3904147843612,0.013402,91191,6.30648382284047,147.591335681587,0.874478015229673,38.9472677798017,0.196891919331509,1.49627650978373,1.29938459045222,0,0.0314566207376471,88.4464482553801,"UTC",89.3367037684465
2021-05-23 08:00:00,"20210523_080000.WAV",48000,16,120,1,"acoustic_complexity",512,1,12000,5,1956.6954251372,"NA ","aru04","2021","05","23","08","00","00","2021-05-23","08:00:00",2021-05-23 13:00:00,19.8129211425642,0.0134807300467822,91202.6892647115,6.33468074374885,149.436792372623,0.873531969525766,39.1107606051341,0.204515451491558,1.50493934328775,1.30042389179619,0.036366691707608,0.499798538623446,76.7453513758288,"UTC",87.5374499416077
2021-05-23 09:00:00,"20210523_090000.WAV",48000,16,120,1,"acoustic_complexity",512,1,12000,5,2136.77176206109,"NA ","aru04","2021","05","23","09","00","00","2021-05-23","09:00:00",2021-05-23 14:00:00,20.6143753481432,0.0136666088827837,91230.1472941408,6.47269195063853,151.217910155356,0.871532385043223,38.6566359343055,0.215227055650243,1.52147520280354,1.3062481471533,0.241938029910535,1.08899901914586,64.6651622318214,"UTC",84.4641965456143
2021-05-23 10:00:00,"20210523_100000.WAV",48000,16,120,1,"acoustic_complexity",512,1,12000,5,2005.25007654362,"NA ","aru04","2021","05","23","10","00","00","2021-05-23","10:00:00",2021-05-23 15:00:00,21.7765511817401,0.0139043559020552,91263.7407353362,6.69988907712393,152.644601809473,0.868412076214464,37.100002,0.229296233549474,1.54569519117505,1.31639895762558,0.868980051245102,1.46140216838036,52.4495662531447,"UTC",80.0295525405042
2021-05-23 11:00:00,"20210523_110000.WAV",48000,16,120,1,"acoustic_complexity",512,1,12000,5,2001.18506873151,"NA ","aru04","2021","05","23","11","00","00","2021-05-23","11:00:00",2021-05-23 16:00:00,23.1722077686042,0.0141386904986478,91293.8362353458,6.99327397430093,153.501055484832,0.864103857471913,34.2122005307744,0.24637488694076,1.57516179519146,1.3287869082507,2.04094993067198,1.19680052197627,40.3978144495593,"UTC",74.7687771601687
2021-05-23 12:00:00,"20210523_120000.WAV",48000,16,120,1,"acoustic_complexity",512,1,12000,5,2004.19369759561,"NA ","aru04","2021","05","23","12","00","00","2021-05-23","12:00:00",2021-05-23 17:00:00,24.6040068627071,0.0143143320666124,91310.8004412177,7.32973999104729,153.644998873988,0.85854054324799,30.7895072386771,0.264464287010592,1.60582725428038,1.34136296726979,2.96375855528543,0.749550835472284,29.0905501509778,"UTC",69.454951730484
2021-05-24 05:00:00,"20210524_050000.WAV",48000,16,120,1,"acoustic_complexity",512,1,12000,5,2015.94120074503,"NA ","aru04","2021","05","24","05","00","00","2021-05-24","05:00:00",2021-05-24 10:00:00,17.543767413075,0.0136143265477873,91177.4807111421,6.48535672765986,157.803384858975,0.885005662320233,33.9721329611905,0.204847350248927,1.45885204445366,1.25400469420473,0,0,109.292486241476,"UTC",100
2021-05-24 06:00:00,"20210524_060000.WAV",48000,16,120,1,"acoustic_complexity",512,1,12000,5,2000.87297147386,"NA ","aru04","2021","05","24","06","00","00","2021-05-24","06:00:00",2021-05-24 11:00:00,17.46,0.0134772004947992,91156.9276064247,6.11401998577649,160.88890595045,0.876957912343616,25.4367809163824,0.217058467653099,1.4571712179152,1.2401127502621,0,0,99.326922031395,"UTC",100
2021-05-24 07:00:00,"20210524_070000.WAV",48000,16,120,1,"acoustic_complexity",512,1,12000,5,1966.85940714606,"NA ","aru04","2021","05","24","07","00","00","2021-05-24","07:00:00",2021-05-24 12:00:00,19.6113714373073,0.01337,91141,5.81020593595096,163.244249506753,0.868234099033353,18.4879177317174,0.236427479964232,1.50080220250907,1.26437472254483,0,0.0433778824802778,88.3063139342288,"UTC",87.859914144257
2021-05-24 08:00:00,"20210524_080000.WAV",48000,16,120,1,"acoustic_complexity",512,1,12000,5,2014.67837366662,"NA ","aru04","2021","05","24","08","00","00","2021-05-24","08:00:00",2021-05-24 13:00:00,20.0132521378961,0.0133115003271854,91133.2674061178,5.57975914242469,164.395936765092,0.85958319006528,13.0195172733375,0.250933813257712,1.50905993814141,1.2581261248837,0.0822554594589894,0.579878896228392,76.6192310651908,"UTC",85.3160487306843
2021-05-24 09:00:00,"20210524_090000.WAV",48000,16,120,1,"acoustic_complexity",512,1,12000,5,2054.44549595967,"NA ","aru04","2021","05","24","09","00","00","2021-05-24","09:00:00",2021-05-24 14:00:00,20.7691238464328,0.0132867605270077,91130.3877734382,5.42943317437882,164.268602877957,0.851041205738576,8.92555340738444,0.267358408917322,1.52468365324155,1.25732524432423,0.41547193478777,1.17740588015421,64.5469327279322,"UTC",81.2691858895161
2021-05-24 10:00:00,"20210524_100000.WAV",48000,16,120,1,"acoustic_complexity",512,1,12000,5,1994.30945206885,"NA ","aru04","2021","05","24","10","00","00","2021-05-24","10:00:00",2021-05-24 15:00:00,21.8492376353823,0.0132724105968338,91127.2911592239,5.37348968697986,162.991292695426,0.842465929508253,6.09999999999999,0.286052758158381,1.5472195387478,1.26116678058942,1.28595319917723,1.42009665527678,52.3316703752525,"UTC",75.9725560054707
2021-05-24 11:00:00,"20210524_110000.WAV",48000,16,120,1,"acoustic_complexity",512,1,12000,5,1949.51616732715,"NA ","aru04","2021","05","24","11","00","00","2021-05-24","11:00:00",2021-05-24 16:00:00,23.1273463612616,0.01324508053403,91118.9076207376,5.43149442753828,160.831239228582,0.833715144829325,4.42087797431871,0.306753513275301,1.57420813154374,1.26745461826844,2.59822935099435,1.0060676980251,40.2689405863996,"UTC",70.1409049363779
2021-05-24 12:00:00,"20210524_120000.WAV",48000,16,120,1,"acoustic_complexity",512,1,12000,5,1970.40190367209,"NA ","aru04","2021","05","24","12","00","00","2021-05-24","12:00:00",2021-05-24 17:00:00,24.3958229790235,0.0131814003359632,91100.1672152421,5.62365924120865,158.181484439126,0.824646635156805,3.7023964814459,0.327770242745777,1.60134090785884,1.27357066511306,3.22891514018093,0.684301630730207,28.9306777759261,"UTC",64.6591566774036
2021-05-25 05:00:00,"20210525_050000.WAV",48000,16,120,1,"acoustic_complexity",512,1,12000,5,2040.39641776804,"NA ","aru04","2021","05","25","05","00","00","2021-05-25","05:00:00",2021-05-25 10:00:00,19.8578070641871,0.0128807770626941,90807.1107197083,6.50970431159615,176.811276532151,0.813388896164015,20.0645773999247,0.294167133478846,1.50586186433911,1.21169473086027,0,0,109.112784071935,"UTC",83.0829424082178
2021-05-25 06:00:00,"20210525_060000.WAV",48000,16,120,1,"acoustic_complexity",512,1,12000,5,1994.4208614521,"NA ","aru04","2021","05","25","06","00","00","2021-05-25","06:00:00",2021-05-25 11:00:00,19.84,0.0127598885788858,90784.2403685917,5.84937235189172,182.804312722768,0.811219554438819,19.4400043303314,0.300569698033281,1.50549583266523,1.20492613463195,0,0,99.1719688333096,"UTC",82.3808925674943
2021-05-25 07:00:00,"20210525_070000.WAV",48000,16,120,1,"acoustic_complexity",512,1,12000,5,1959.05278311129,"NA ","aru04","2021","05","25","07","00","00","2021-05-25","07:00:00",2021-05-25 12:00:00,22.5968535939337,0.012651,90781,5.3733279834809,188.321793165327,0.808235294117647,18.4087704233813,0.320199600726953,1.56296372431748,1.24276412359053,0,0.0465542612652435,88.1709235885353,"UTC",68.958267213084
2021-05-25 08:00:00,"20210525_080000.WAV",48000,16,120,1,"acoustic_complexity",512,1,12000,5,1987.6453047666,"NA ","aru04","2021","05","25","08","00","00","2021-05-25","08:00:00",2021-05-25 13:00:00,22.9610185817305,0.0125694074989403,90803.3773369608,5.08547650541612,192.136459017961,0.804651980075245,17.0533653112354,0.331735103980605,1.57067611479023,1.23894101080963,0.0822952677658841,0.583797442839742,76.4978381968524,"UTC",67.0366459801595
2021-05-25 09:00:00,"20210525_090000.WAV",48000,16,120,1,"acoustic_complexity",512,1,12000,5,2102.20903834856,"NA ","aru04","2021","05","25","09","00","00","2021-05-25","09:00:00",2021-05-25 14:00:00,23.6778572342793,0.0124985259307937,90843.9326047261,4.91389478689676,193.808693870476,0.800351690445285,15.4562786260546,0.3471065031792,1.58594088241536,1.23883437923615,0.457926920392763,1.19563845895039,64.4335397659195,"UTC",63.8644486775344
2021-05-25 10:00:00,"20210525_100000.WAV",48000,16,120,1,"acoustic_complexity",512,1,12000,5,2119.40796335252,"NA ","aru04","2021","05","25","10","00","00","2021-05-25","10:00:00",2021-05-25 15:00:00,24.7259405872304,0.0124137998211934,90891.8691541044,4.79156452502262,193.454186945667,0.795133056676169,13.7,0.366803664287908,1.60845929015837,1.24165562587046,1.47422136789418,1.39262780737111,52.2188823213974,"UTC",59.5990036306271
2021-05-25 11:00:00,"20210525_110000.WAV",48000,16,120,1,"acoustic_complexity",512,1,12000,5,1988.00770268589,"NA ","aru04","2021","05","25","11","00","00","2021-05-25","11:00:00",2021-05-25 16:00:00,25.9613488533841,0.0122906736957723,90936.3903359039,4.67127318827281,191.374306135794,0.788794710216301,11.8612842648329,0.390397775063454,1.63530939510075,1.2449116200373,2.7723448456412,0.946201069791977,40.1456681074743,"UTC",54.857459227629
2021-05-25 12:00:00,"20210525_120000.WAV",48000,16,120,1,"acoustic_complexity",512,1,12000,5,1934.73796484678,"NA ","aru04","2021","05","25","12","00","00","2021-05-25","12:00:00",2021-05-25 17:00:00,27.1569534641932,0.0121045920801635,90966.699500933,4.51591159581345,187.868272757043,0.781135282514084,9.99394705071565,0.415414292317303,1.66161314569369,1.24619885337639,3.22967069513171,0.684655759687285,28.7771273886363,"UTC",50.3734167495275
2021-05-28 09:00:00,"20210528_090000.WAV",48000,16,120,1,"acoustic_complexity",512,1,12000,5,2152.18589886576,"NA ","aru04","2021","05","28","09","00","00","2021-05-28","09:00:00",2021-05-28 14:00:00,22.8260861369919,0.0117635712940706,91061.1511756822,4.69660069927362,68.9885449310685,0.795801796777524,36.4604456933167,0.311845753937978,1.56781515607909,1.25596940214111,0.374417064850846,1.17163293291457,64.1221049604311,"UTC",63.4739251485483
2021-05-28 10:00:00,"20210528_100000.WAV",48000,16,120,1,"acoustic_complexity",512,1,12000,5,2209.63193012287,"NA ","aru04","2021","05","28","10","00","00","2021-05-28","10:00:00",2021-05-28 15:00:00,24.6639016964365,0.0118516551218635,91093.6120068384,4.76019904335017,70.611466512344,0.79956523299962,43.7,0.325022607240355,1.60711972765087,1.28209712041051,1.24717914162755,1.43522349744517,51.9107737585927,"UTC",57.263424640994
2021-05-28 11:00:00,"20210528_110000.WAV",48000,16,120,1,"acoustic_complexity",512,1,12000,5,2053.31442255116,"NA ","aru04","2021","05","28","11","00","00","2021-05-28","11:00:00",2021-05-28 16:00:00,26.8598008604798,0.0119277044781311,91128.2701698083,4.84638021783138,73.7478022738188,0.80151327676811,49.9392199712987,0.345393131036897,1.65504626070339,1.30965312966649,2.60344295887173,1.00940608606303,39.8090137731258,"UTC",50.608290194434
2021-05-28 12:00:00,"20210528_120000.WAV",48000,16,120,1,"acoustic_complexity",512,1,12000,5,2126.22061328287,"NA ","aru04","2021","05","28","12","00","00","2021-05-28","12:00:00",2021-05-28 17:00:00,29.0332152448286,0.0119860444188508,91156.5810417946,4.9386519966051,78.4889107421768,0.80109533146888,54.9045031334127,0.369768986815439,1.7035297322174,1.33376074540196,3.23169366862838,0.685646995935597,28.3541384316404,"UTC",44.8106573258539
2021-05-29 05:00:00,"20210529_050000.WAV",48000,16,120,1,"acoustic_complexity",512,1,12000,5,1946.15889215705,"NA ","aru04","2021","05","29","05","00","00","2021-05-29","05:00:00",2021-05-29 10:00:00,15.5905951871353,0.0130479114732667,91027.1493770079,3.20854319664917,129.935704340912,0.839768815860139,20.4137456250927,0.243786640632003,1.42003731295292,1.17625067232091,0,0,108.445406324695,"UTC",100
2021-05-29 06:00:00,"20210529_060000.WAV",48000,16,120,1,"acoustic_complexity",512,1,12000,5,2227.67661240224,"NA ","aru04","2021","05","29","06","00","00","2021-05-29","06:00:00",2021-05-29 11:00:00,15.54,0.0130501860891057,91035.5052180637,2.97885117637535,127.427655679188,0.837664424842553,17.2481533292641,0.252832625646048,1.41904225825453,1.16620963260848,0,0,98.6011284978006,"UTC",100
2021-05-29 07:00:00,"20210529_070000.WAV",48000,16,120,1,"acoustic_complexity",512,1,12000,5,2230.90161868332,"NA ","aru04","2021","05","29","07","00","00","2021-05-29","07:00:00",2021-05-29 12:00:00,18.5361954486818,0.0130549995,91051,2.92019344443114,123.93422948942,0.833742632612967,13.4786033656773,0.274030917560916,1.47887637149718,1.20484545393627,0,0.0645256074546166,87.6767981799815,"UTC",91.6780665170455
2021-05-29 08:00:00,"20210529_080000.WAV",48000,16,120,1,"acoustic_complexity",512,1,12000,5,2203.68063216822,"NA ","aru04","2021","05","29","08","00","00","2021-05-29","08:00:00",2021-05-29 13:00:00,18.9852081371794,0.0130677656551262,91074.6709307917,3.06547856006333,119.989463554628,0.828323778249843,9.78047498749551,0.286599076160888,1.48800356545662,1.20140448929573,0.083068031553282,0.598614655650116,76.0592480072487,"UTC",89.2465030631776
2021-05-29 09:00:00,"20210529_090000.WAV",48000,16,120,1,"acoustic_complexity",512,1,12000,5,2227.59603140186,"NA ","aru04","2021","05","29","09","00","00","2021-05-29","09:00:00",2021-05-29 14:00:00,19.8526943853116,0.0130805141082756,91101.6809659961,3.40168950440067,116.694121310281,0.821828684681286,6.82914744788202,0.300631252947375,1.5057567642503,1.20512551130292,0.445822168511661,1.20338511281749,64.0277669989143,"UTC",84.659433150081
2021-05-29 10:00:00,"20210529_100000.WAV",48000,16,120,1,"acoustic_complexity",512,1,12000,5,2209.97509019945,"NA ","aru04","2021","05","29","10","00","00","2021-05-29","10:00:00",2021-05-29 15:00:00,21.1088540524767,0.0130819283143929,91125.7244980662,3.89700531107215,114.706149082727,0.814703295797814,5.3,0.31553216174968,1.53174518567656,1.21621302392688,1.40352221175623,1.41329169105098,51.8180072819944,"UTC",78.3679691205815
2021-05-29 11:00:00,"20210529_110000.WAV",48000,16,120,1,"acoustic_complexity",512,1,12000,5,2007.53297477521,"NA ","aru04","2021","05","29","11","00","00","2021-05-29","11:00:00",2021-05-29 16:00:00,22.5966365119804,0.0130606917284229,91140.4959194549,4.51783585750743,114.107114671924,0.807393555489943,5.65307794138208,0.330157296082331,1.56295913538149,1.23280183929916,2.76368841695813,0.953755049839259,39.7076785306892,"UTC",71.4528983076669
2021-05-29 12:00:00,"20210529_120000.WAV",48000,16,120,1,"acoustic_complexity",512,1,12000,5,2057.13460699244,"NA ","aru04","2021","05","29","12","00","00","2021-05-29","12:00:00",2021-05-29 17:00:00,24.0348684330097,0.0130054878053103,91139.6896226152,5.23443743887124,114.71499925981,0.800345407648189,7.48709074703848,0.342971517574835,1.59358465247892,1.25061313490408,3.23228796148556,0.685956129501666,28.2255744390905,"UTC",65.2297710062682
2021-05-30 05:00:00,"20210530_050000.WAV",48000,16,120,1,"acoustic_complexity",512,1,12000,5,2267.89575604782,"NA ","aru04","2021","05","30","05","00","00","2021-05-30","05:00:00",2021-05-30 10:00:00,14.86,0.0114486485908018,91072.9137813309,6.00276840255673,134.745211765254,0.830279802913278,91.9112831562128,0.236866835696213,1.40571938974229,1.16885255404608,0,0,108.291543004855,"UTC",100
2021-05-30 06:00:00,"20210530_060000.WAV",48000,16,120,1,"acoustic_complexity",512,1,12000,5,1999.8483627842,"NA ","aru04","2021","05","30","06","00","00","2021-05-30","06:00:00",2021-05-30 11:00:00,14.901333796932,0.0114788057303893,91054.5019366651,5.89602090489957,133.014141908953,0.831406473410528,91.6858278935508,0.23842845764521,1.40652653156572,1.16809807392051,0,0,98.4707117637902,"UTC",100
2021-05-30 07:00:00,"20210530_070000.WAV",48000,16,120,1,"acoustic_complexity",512,1,12000,5,2124.23098630253,"NA ","aru04","2021","05","30","07","00","00","2021-05-30","07:00:00",2021-05-30 12:00:00,18.0527929456773,0.011565,91056,5.9034153264688,132.073532474389,0.831796669235152,89.3128033293062,0.251638559742409,1.46909713121095,1.21745857146854,0,0.0636659238157714,87.5651010318184,"UTC",83.8232368791506
2021-05-30 08:00:00,"20210530_080000.WAV",48000,16,120,1,"acoustic_complexity",512,1,12000,5,2221.23563863254,"NA ","aru04","2021","05","30","08","00","00","2021-05-30","08:00:00",2021-05-30 13:00:00,18.5315759479197,0.0117159405908993,91084.5199411132,6.01986249872034,132.276834278283,0.831497781545407,85.9813785807713,0.257104691306432,1.47878268851401,1.22167799720758,0.0593297561289584,0.568962451312762,75.9612471783052,"UTC",82.4156601708739
2021-05-30 09:00:00,"20210530_090000.WAV",48000,16,120,1,"acoustic_complexity",512,1,12000,5,2079.03348441879,"NA ","aru04","2021","05","30","09","00","00","2021-05-30","09:00:00",2021-05-30 14:00:00,19.4474953284024,0.0119120951928772,91132.2895608931,6.22865545392724,133.45103729801,0.830484208940022,82.8807227652385,0.265471653229468,1.49744466670796,1.23197301347849,0.357110248660884,1.16859488219412,63.9381044335727,"UTC",79.162163529426
2021-05-30 10:00:00,"20210530_100000.WAV",48000,16,120,1,"acoustic_complexity",512,1,12000,5,2087.11760270172,"NA ","aru04","2021","05","30","10","00","00","2021-05-30","10:00:00",2021-05-30 15:00:00,20.775052481784,0.012126871120355,91187.8156180058,6.51289210427843,135.270589332678,0.828712101877846,81.200005,0.276895623471972,1.52480667438817,1.24791105091619,1.17710790131714,1.4496401879236,51.7301259383613,"UTC",74.2589374042955
2021-05-30 11:00:00,"20210530_110000.WAV",48000,16,120,1,"acoustic_complexity",512,1,12000,5,2123.35307508922,"NA ","aru04","2021","05","30","11","00","00","2021-05-30","11:00:00",2021-05-30 16:00:00,22.3577181259878,0.0123336756877539,91239.6048711171,6.85570521606477,137.429496816872,0.826137610817727,81.8157653836763,0.290830100549306,1.55791471732914,1.26708461677984,2.48822035365423,1.05310965616797,39.6116880717409,"UTC",68.5747421574271
2021-05-30 12:00:00,"20210530_120000.WAV",48000,16,120,1,"acoustic_complexity",512,1,12000,5,2074.58449047417,"NA ","aru04","2021","05","30","12","00","00","2021-05-30","12:00:00",2021-05-30 17:00:00,23.9520815289898,0.0125059162094951,91276.1640788932,7.23783112831053,139.679197942743,0.822716886218513,84.3540279402004,0.30528459161007,1.59180969235017,1.2865251007401,3.23284280130803,0.686255861726944,28.1031503357552,"UTC",63.1545879888992
2021-05-31 05:00:00,"20210531_050000.WAV",48000,16,120,1,"acoustic_complexity",512,1,12000,5,1893.40746024107,"NA ","aru04","2021","05","31","05","00","00","2021-05-31","05:00:00",2021-05-31 10:00:00,15.63,0.0126166918830165,91253.9760530346,4.47134219328398,120.279862754758,0.949924912137349,100,0.0420989561067886,1.42081264917096,1.37871369306417,0,0,108.142913283097,"UTC",100
2021-05-31 06:00:00,"20210531_060000.WAV",48000,16,120,1,"acoustic_complexity",512,1,12000,5,2209.65548401993,"NA ","aru04","2021","05","31","06","00","00","2021-05-31","06:00:00",2021-05-31 11:00:00,15.6937927044647,0.0126207220531744,91207.1019764498,4.33238178848554,118.708058009439,0.959543307020204,100,0.0406277320937729,1.42206851895622,1.38144078686245,0,0,98.3452237708321,"UTC",100
2021-05-31 07:00:00,"20210531_070000.WAV",48000,16,120,1,"acoustic_complexity",512,1,12000,5,2120.25755896883,"NA ","aru04","2021","05","31","07","00","00","2021-05-31","07:00:00",2021-05-31 12:00:00,17.0373902349689,0.012619,91181,4.154084731588,115.596370541458,0.966449749624437,100,0.0436651079003985,1.44871352139974,1.40504841349934,0,0.0217524863397735,87.4581185530624,"UTC",97.5747467431215
2021-05-31 08:00:00,"20210531_080000.WAV",48000,16,120,1,"acoustic_complexity",512,1,12000,5,1994.87392075282,"NA ","aru04","2021","05","31","08","00","00","2021-05-31","08:00:00",2021-05-31 13:00:00,17.5303913724693,0.0126158336899817,91184.5587562853,3.93943356715056,110.003984065676,0.970369804821661,100,0.0497613228785976,1.45858355135811,1.40882222847951,0,0.204277463140973,75.8678560268889,"UTC",94.5554603308098
2021-05-31 09:00:00,"20210531_090000.WAV",48000,16,120,1,"acoustic_complexity",512,1,12000,5,2346.31519010322,"NA ","aru04","2021","05","31","09","00","00","2021-05-31","09:00:00",2021-05-31 14:00:00,18.320261097692,0.0126249531617499,91211.3827361623,3.74612015853461,101.826008510861,0.971430538295304,100,0.0593764008132929,1.47450200233421,1.41512560152091,0.000486066866627007,0.494370655744968,63.8530761395051,"UTC",90.0552421071142
2021-05-31 10:00:00,"20210531_100000.WAV",48000,16,120,1,"acoustic_complexity",512,1,12000,5,2184.72202040751,"NA ","aru04","2021","05","31","10","00","00","2021-05-31","10:00:00",2021-05-31 15:00:00,19.3922725960052,0.0126624439719701,91251.2553950517,3.64302752057874,91.6013257028729,0.969859390931749,99.8,0.072378120856049,1.496314519252,1.42393639839595,0.00836316814843556,0.863277336279395,51.6470750451081,"UTC",84.4985987096709
2021-05-31 11:00:00,"20210531_110000.WAV",48000,16,120,1,"acoustic_complexity",512,1,12000,5,2143.38459204356,"NA ","aru04","2021","05","31","11","00","00","2021-05-31","11:00:00",2021-05-31 16:00:00,20.666435002949,0.0127443916773081,91293.960188374,3.67726586864184,80.5562236728111,0.965883803617377,96.5480103390348,0.0885170766914045,1.52255400660958,1.43403692991818,0.0788138275545878,1.21177023616956,39.5209782788251,"UTC",78.6186647962027
2021-05-31 12:00:00,"20210531_120000.WAV",48000,16,120,1,"acoustic_complexity",512,1,12000,5,2111.99476806073,"NA ","aru04","2021","05","31","12","00","00","2021-05-31","12:00:00",2021-05-31 17:00:00,22.0117335293344,0.0128868818344295,91329.2805715499,3.85114808640615,70.256153887245,0.959731217238568,92.241703762945,0.107071837168855,1.550631406984,1.44355956981514,0.317451631185297,1.36769504220461,27.9868114849118,"UTC",73.2193493030316
2021-06-01 05:00:00,"20210601_050000.WAV",48000,16,120,1,"acoustic_complexity",512,1,12000,5,1951.89087560935,"NA ","aru04","2021","06","01","05","00","00","2021-06-01","05:00:00",2021-06-01 10:00:00,12.1558682021651,0.00909816915883556,91609.8479147952,3.43151773615547,357.293160143594,0.84351878631604,17.8694560425889,0.234656202196643,1.35366495024343,1.11900874804678,0,0,107.999533764178,"UTC",97.267262022878
2021-06-01 06:00:00,"20210601_060000.WAV",48000,16,120,1,"acoustic_complexity",512,1,12000,5,2112.72999444163,"NA ","aru04","2021","06","01","06","00","00","2021-06-01","06:00:00",2021-06-01 11:00:00,12.12,0.00909192970350069,91563.165753865,3.39514987189751,353.218160781482,0.839045552062434,13.8666621663969,0.244775738285735,1.3529843561419,1.10820861785617,0,0,98.2246660462527,"UTC",97.3820035361478
2021-06-01 07:00:00,"20210601_070000.WAV",48000,16,120,1,"acoustic_complexity",512,1,12000,5,2267.0174136022,"NA ","aru04","2021","06","01","07","00","00","2021-06-01","07:00:00",2021-06-01 12:00:00,13.8955733441272,0.0093249995,91527,3.18568703900438,349.586884668249,0.833465303063325,11.014969497733,0.261586981526952,1.38698505617569,1.12539807464874,0,0.0714228938533308,87.3558369132614,"UTC",88.8469740236129
2021-06-01 08:00:00,"20210601_080000.WAV",48000,16,120,1,"acoustic_complexity",512,1,12000,5,2248.20136177078,"NA ","aru04","2021","06","01","08","00","00","2021-06-01","08:00:00",2021-06-01 13:00:00,14.1511671953041,0.00980960930491043,91508.6334078675,2.76257982924997,345.755693270739,0.826651194481733,9.53772816290615,0.272502083959384,1.3919317079761,1.11942962401672,0.0632977091803479,0.580487020613959,75.7790455484894,"UTC",91.8555801606875
2021-06-01 09:00:00,"20210601_090000.WAV",48000,16,120,1,"acoustic_complexity",512,1,12000,5,2235.892103109,"NA ","aru04","2021","06","01","09","00","00","2021-06-01","09:00:00",2021-06-01 14:00:00,14.6405705855705,0.0104746690014134,91504.331624971,2.18818634268845,340.879104359967,0.81908457612642,9.65828828822548,0.282805544984874,1.40144031816713,1.11863477318225,0.359569913613705,1.17432714763945,63.7726383269068,"UTC",94.9504317110221
2021-06-01 10:00:00,"20210601_100000.WAV",48000,16,120,1,"acoustic_complexity",512,1,12000,5,2324.15765459805,"NA ","aru04","2021","06","01","10","00","00","2021-06-01","10:00:00",2021-06-01 15:00:00,15.3426337771065,0.0112282582543413,91507.6060220234,1.5534431565555,333.484360496538,0.811398846467588,11.6,0.291579353279343,1.41516565801357,1.12358630473423,1.11548791733625,1.46159226272248,51.5687969189003,"UTC",97.208872660809
2021-06-01 11:00:00,"20210601_110000.WAV",48000,16,120,1,"acoustic_complexity",512,1,12000,5,2300.10295182535,"NA ","aru04","2021","06","01","11","00","00","2021-06-01","11:00:00",2021-06-01 16:00:00,16.16491404411,0.0119784567285267,91511.9679697373,0.957721454945672,319.915222503615,0.804227403975438,15.4232409214854,0.297791363141991,1.43136915492817,1.13357779178618,2.24296205637991,1.14428573210685,39.4354812410155,"UTC",98.3190687256589
2021-06-01 12:00:00,"20210601_120000.WAV",48000,16,120,1,"acoustic_complexity",512,1,12000,5,2255.85824478188,"NA ","aru04","2021","06","01","12","00","00","2021-06-01","12:00:00",2021-06-01 17:00:00,16.9801995351346,0.0126333440888021,91510.9288388252,0.525822210956825,290.360420227312,0.798203647120171,20.5364986637243,0.301213507026441,1.44757179776979,1.14635829074335,2.94717869251943,0.76265919449674,27.8764976198936,"UTC",98.3945444138924
2021-06-02 05:00:00,"20210602_050000.WAV",48000,16,120,1,"acoustic_complexity",512,1,12000,5,1881.77377936392,"NA ","aru04","2021","06","02","05","00","00","2021-06-02","05:00:00",2021-06-02 10:00:00,10.4067214947693,0.00821372107922935,91070.9638616746,0.359891878026068,255.094084219417,0.860497102580305,22.4446394015002,0.198344979858931,1.32077290825233,1.1224279283934,0,0,107.861418857899,"UTC",98.1682579464386
2021-06-02 06:00:00,"20210602_060000.WAV",48000,16,120,1,"acoustic_complexity",512,1,12000,5,2020.93604111926,"NA ","aru04","2021","06","02","06","00","00","2021-06-02","06:00:00",2021-06-02 11:00:00,10.26,0.0081499635278113,91025.1514955894,0.465710364793672,275.44875462768,0.862214927110776,16.459850483631,0.215306358444336,1.31804138533746,1.10273502689313,0,0,98.1090378322174,"UTC",98.3273078949748
2021-06-02 07:00:00,"20210602_070000.WAV",48000,16,120,1,"acoustic_complexity",512,1,12000,5,1940.96692717522,"NA ","aru04","2021","06","02","07","00","00","2021-06-02","07:00:00",2021-06-02 12:00:00,12.9107395363196,0.00842,90998,0.500568937662832,283.828646688839,0.858905479672453,10.5743126654694,0.244009021735921,1.36804818698543,1.12403916524951,0,0.0791352552202719,87.258239940284,"UTC",85.1567868867184
2021-06-02 08:00:00,"20210602_080000.WAV",48000,16,120,1,"acoustic_complexity",512,1,12000,5,2170.66278558097,"NA ","aru04","2021","06","02","08","00","00","2021-06-02","08:00:00",2021-06-02 13:00:00,13.3417167575177,0.00907576863856803,90995.1464440772,0.410158732174264,284.576156297723,0.849826583646855,6.11670536609243,0.265533262333979,1.37631120653333,1.11077794419935,0.083442260818519,0.610476840249037,75.6947843329282,"UTC",89.1582811061996
2021-06-02 09:00:00,"20210602_090000.WAV",48000,16,120,1,"acoustic_complexity",512,1,12000,5,2325.70224239757,"NA ","aru04","2021","06","02","09","00","00","2021-06-02","09:00:00",2021-06-02 14:00:00,14.172134760218,0.0100290218531845,91011.2117674808,0.215112956551016,271.745633416618,0.836646738987478,4.41570800457695,0.285132456463576,1.39233809147757,1.107205635014,0.430798918091976,1.20745774250552,63.696744673811,"UTC",93.2505478315739
2021-06-02 10:00:00,"20210602_100000.WAV",48000,16,120,1,"acoustic_complexity",512,1,12000,5,2295.5576310776,"NA ","aru04","2021","06","02","10","00","00","2021-06-02","10:00:00",2021-06-02 15:00:00,15.3609985706732,0.0111564656202427,91038.0628774928,0.151629749712581,167.881189504263,0.821637114790811,6.8,0.299608463279006,1.41552603750141,1.1159175742224,1.28537997168218,1.43892056389339,51.495231046008,"UTC",95.9846130163816
2021-06-02 11:00:00,"20210602_110000.WAV",48000,16,120,1,"acoustic_complexity",512,1,12000,5,2427.90081299253,"NA ","aru04","2021","06","02","11","00","00","2021-06-02","11:00:00",2021-06-02 16:00:00,16.7414128150829,0.0123348059161358,91067.5666813953,0.463248627342108,137.049572706734,0.807068880153342,14.0741733828434,0.305812716212374,1.44281208063899,1.13699936442661,2.42061203242938,1.08142119289196,39.3551254719739,"UTC",97.0884443903683
2021-06-02 12:00:00,"20210602_120000.WAV",48000,16,120,1,"acoustic_complexity",512,1,12000,5,2434.38634368721,"NA ","aru04","2021","06","02","12","00","00","2021-06-02","12:00:00",2021-06-02 17:00:00,18.0885461160683,0.0134407487172572,91091.5900864704,0.816059187442923,131.787354347455,0.795213204171561,24.9464706292082,0.303971206677967,1.46981875278097,1.16584754610301,3.00547134413386,0.744025368532193,27.7721430748338,"UTC",97.0952462037549
2021-06-03 05:00:00,"20210603_050000.WAV",48000,16,120,1,"acoustic_complexity",512,1,12000,5,1818.00787310618,"NA ","aru04","2021","06","03","05","00","00","2021-06-03","05:00:00",2021-06-03 10:00:00,15.34,0.011290385841287,91128.1042130379,1.91270253868477,245.155093425207,0.847101142129897,26.7651254641936,0.217471799679894,1.41511398002343,1.19764218034354,0,0,107.728580824194,"UTC",97.3523528375548
2021-06-03 06:00:00,"20210603_060000.WAV",48000,16,120,1,"acoustic_complexity",512,1,12000,5,2149.88698531825,"NA ","aru04","2021","06","03","06","00","00","2021-06-03","06:00:00",2021-06-03 11:00:00,15.3480115719027,0.0113652439164285,91122.3030941868,1.97935253079312,253.405709849014,0.848194350151466,26.6406282506171,0.221668462124422,1.41527118144708,1.19360271932266,0,0,97.9983361472235,"UTC",97.9344864481741
2021-06-03 07:00:00,"20210603_070000.WAV",48000,16,120,1,"acoustic_complexity",512,1,12000,5,2154.54054679831,"NA ","aru04","2021","06","03","07","00","00","2021-06-03","07:00:00",2021-06-03 12:00:00,17.2872220160156,0.011677,91128,1.95722557059305,256.972560612777,0.8480466768138,26.8641877283402,0.232989153048597,1.45370894658828,1.22071979353968,0,0.081615596766739,87.1653092010698,"UTC",88.88865498715
2021-06-03 08:00:00,"20210603_080000.WAV",48000,16,120,1,"acoustic_complexity",512,1,12000,5,2214.84527461411,"NA ","aru04","2021","06","03","08","00","00","2021-06-03","08:00:00",2021-06-03 13:00:00,17.6238802799954,0.0122459414731204,91148.8508171804,1.80586789204156,255.03062898317,0.846322061155602,27.573483266432,0.23964769099892,1.46046090099608,1.22081320999716,0.0714193900125229,0.59719294620925,75.615038668403,"UTC",91.2333937973409
2021-06-03 09:00:00,"20210603_090000.WAV",48000,16,120,1,"acoustic_complexity",512,1,12000,5,2311.7973525601,"NA ","aru04","2021","06","03","09","00","00","2021-06-03","09:00:00",2021-06-03 14:00:00,18.2493033146386,0.0129917185163806,91179.6771922262,1.57688630837383,246.570895563037,0.84337386005573,28.9061942339622,0.246819895765431,1.47306666972713,1.2262467739617,0.367412917576059,1.18179784581103,63.6253464594447,"UTC",93.0274534529881
2021-06-03 10:00:00,"20210603_100000.WAV",48000,16,120,1,"acoustic_complexity",512,1,12000,5,2343.36617859394,"NA ","aru04","2021","06","03","10","00","00","2021-06-03","10:00:00",2021-06-03 15:00:00,19.1339084237657,0.0138088220102397,91213.0922115842,1.39195625940018,229.91086574896,0.839727784853081,31,0.253685637120696,1.49103552529913,1.23734988817844,1.09510121391611,1.467538408725,51.4263142545694,"UTC",93.5290176223067
2021-06-03 11:00:00,"20210603_110000.WAV",48000,16,120,1,"acoustic_complexity",512,1,12000,5,2563.12458611891,"NA ","aru04","2021","06","03","11","00","00","2021-06-03","11:00:00",2021-06-03 16:00:00,20.1647386856673,0.0145917428351566,91241.7089617013,1.40728628625249,207.501971050274,0.835909546886553,33.9400064612409,0.259260504203201,1.51218146894206,1.25292096473886,2.18559419395235,1.16702144969277,39.2798361335665,"UTC",92.679102818624
2021-06-03 12:00:00,"20210603_120000.WAV",48000,16,120,1,"acoustic_complexity",512,1,12000,5,2559.77904842849,"NA ","aru04","2021","06","03","12","00","00","2021-06-03","12:00:00",2021-06-03 17:00:00,21.1865991828182,0.0152349718715904,91258.1405290243,1.67538911282395,188.681999101952,0.832444857495043,37.6010256248846,0.263104893597196,1.53336461606087,1.27025972246368,2.8913278586094,0.783290715646231,27.6736770334034,"UTC",90.8359927438605
2021-06-17 05:00:00,"20210617_050000.WAV",48000,16,120,1,"acoustic_complexity",512,1,12000,5,2087.09960197876,"NA ","aru04","2021","06","17","05","00","00","2021-06-17","05:00:00",2021-06-17 10:00:00,23.28,0.00792181338995697,91189.4127277832,3.62048380209031,203.095354762602,0.755644735348417,1.64288837689175e-06,0.387719874502637,1.57745501343608,1.18973513893345,0,0,106.425031694709,"UTC",42.020983449728
2021-06-17 06:00:00,"20210617_060000.WAV",48000,16,120,1,"acoustic_complexity",512,1,12000,5,2174.50737847188,"NA ","aru04","2021","06","17","06","00","00","2021-06-17","06:00:00",2021-06-17 11:00:00,23.3138589655583,0.00791200449123456,91167.7977145742,3.58353202938382,207.121746778633,0.756316697736785,2.98379642527834e-06,0.392290073841313,1.5781758601354,1.18588578629409,0,0,96.9593446395241,"UTC",41.8737750280699
2021-06-17 07:00:00,"20210617_070000.WAV",48000,16,120,1,"acoustic_complexity",512,1,12000,5,2122.66811400589,"NA ","aru04","2021","06","17","07","00","00","2021-06-17","07:00:00",2021-06-17 12:00:00,27.8352112060808,0.007924,91156,3.59093987379686,208.753294629743,0.755842421544625,3.7563428784711e-06,0.423363221969526,1.67667541184083,1.25331218987131,0,0.104672013653192,86.3392094312646,"UTC",32.0464459879271
2021-06-17 08:00:00,"20210617_080000.WAV",48000,16,120,1,"acoustic_complexity",512,1,12000,5,2168.68196074611,"NA ","aru04","2021","06","17","08","00","00","2021-06-17","08:00:00",2021-06-17 13:00:00,28.2968869651702,0.00796522067027166,91158.9176819859,3.63827332665967,207.755500599827,0.75421177073184,3.6941464697814e-06,0.434518277844519,1.68698639335615,1.25246811551163,0.0751483743468501,0.621852007188357,74.9492614560296,"UTC",31.3561188885278
2021-06-17 09:00:00,"20210617_090000.WAV",48000,16,120,1,"acoustic_complexity",512,1,12000,5,2321.50404712276,"NA ","aru04","2021","06","17","09","00","00","2021-06-17","09:00:00",2021-06-17 14:00:00,29.2062725052375,0.00802075156019625,91171.8320967646,3.72741044264699,204.567221234593,0.751428162253315,2.53082593252059e-06,0.450374276615675,1.70743546252651,1.25706118591084,0.431713384286866,1.22562612270433,63.0659459116968,"UTC",29.9530997680417
2021-06-17 10:00:00,"20210617_100000.WAV",48000,16,120,1,"acoustic_complexity",512,1,12000,5,2231.71290823692,"NA ","aru04","2021","06","17","10","00","00","2021-06-17","10:00:00",2021-06-17 15:00:00,30.5391736104845,0.00807009380395257,91187.6203901458,3.86841085975117,199.859931538946,0.747498401312683,0,0.471101745783196,1.73774323208707,1.26664148630388,1.39645462603881,1.43828283766911,50.9094310402953,"UTC",27.9145776884716
2021-06-17 11:00:00,"20210617_110000.WAV",48000,16,120,1,"acoustic_complexity",512,1,12000,5,2020.92952522661,"NA ","aru04","2021","06","17","11","00","00","2021-06-17","11:00:00",2021-06-17 16:00:00,32.1273675032917,0.00809274853571943,91199.159707939,4.07083575220277,194.343098621215,0.742429293113578,0,0.495786118716281,1.77438067385614,1.27859455513986,2.76569704868217,0.971170882351358,38.7098873075224,"UTC",25.5752544455765
2021-06-17 12:00:00,"20210617_120000.WAV",48000,16,120,1,"acoustic_complexity",512,1,12000,5,2202.32521302988,"NA ","aru04","2021","06","17","12","00","00","2021-06-17","12:00:00",2021-06-17 17:00:00,33.66097672571,0.00806821688967564,91199.3271959539,4.3355042819152,188.665792380689,0.736227642859631,0,0.521449395060984,1.81030578639415,1.28885639133317,3.23634120309219,0.690938543466077,26.8640610085661,"UTC",23.3902048611355
